Устройство;Сценарий;Схема multiprocessing;Количество камер;Режим;Основная метрика;Основная метрика, кадры/с;Захват, кадры/с;Обнаружение, кадры/с;Отслеживание, кадры/с;Визуализация, кадры/с;p95 цикла, мс;CPU, %;RAM, ГБ;GPU, %;GPU-RAM, ГБ;Ошибки;Валидный прогон;Ресурсы в пределах;Можно использовать в отчете
CPU;захват + обнаружение;в отдельном процессе только обнаружение;1;Мультипроцессный;Обнаружение, кадры/с;1319,51;116,62;1319,51;-;116,75;1,30;245,19;1,60;26,99;0,40;0;нет;да;нет
CPU;захват + обнаружение;в отдельном процессе только обнаружение;1;Однопроцессный;Обнаружение, кадры/с;1290,32;116,18;1290,32;-;116,15;1,20;172,92;0,89;30,49;0,40;0;да;да;да
CPU;захват + обнаружение;в отдельном процессе только обнаружение;2;Мультипроцессный;Обнаружение, кадры/с;1022,53;116,55;1022,53;-;116,69;1,80;254,32;1,65;28,06;0,40;0;нет;да;нет
CPU;захват + обнаружение;в отдельном процессе только обнаружение;2;Однопроцессный;Обнаружение, кадры/с;1277,85;116,25;1277,85;-;116,21;1,40;176,13;0,91;30,55;0,40;0;да;да;да
CPU;захват + обнаружение;в отдельном процессе только обнаружение;3;Мультипроцессный;Обнаружение, кадры/с;1009,69;116,69;1009,69;-;116,65;2,00;249,93;1,67;28,23;0,40;0;нет;да;нет
CPU;захват + обнаружение;в отдельном процессе только обнаружение;3;Однопроцессный;Обнаружение, кадры/с;1120,41;116,18;1120,41;-;116,15;1,70;214,08;0,94;29,43;0,40;0;да;да;да
CPU;захват + обнаружение;в отдельном процессе только обнаружение;4;Мультипроцессный;Обнаружение, кадры/с;1115,19;116,67;1115,19;-;116,65;1,90;259,76;1,71;27,28;0,51;0;нет;да;нет
CPU;захват + обнаружение;в отдельном процессе только обнаружение;4;Однопроцессный;Обнаружение, кадры/с;1027,04;116,18;1027,04;-;116,16;1,90;204,26;0,95;27,45;0,40;0;да;да;да
CPU;полный пайплайн;в отдельном процессе только обнаружение;1;Мультипроцессный;Обнаружение, кадры/с;13,99;116,75;13,99;7,77;116,90;4,30;2191,61;2,03;33,74;0,40;0;да;да;да
CPU;полный пайплайн;в отдельном процессе только обнаружение;1;Однопроцессный;Обнаружение, кадры/с;0,15;115,95;0,15;0,15;116,09;2,40;238,78;1,33;32,13;0,40;0;да;да;да
CPU;полный пайплайн;в отдельном процессе только обнаружение;2;Мультипроцессный;Обнаружение, кадры/с;7,13;116,04;7,13;4,68;115,95;5,30;2323,39;2,07;33,63;0,40;0;да;да;да
CPU;полный пайплайн;в отдельном процессе только обнаружение;2;Однопроцессный;Обнаружение, кадры/с;0,08;115,70;0,08;0,08;115,66;2,90;210,88;1,35;32,36;0,40;0;да;да;да
CPU;полный пайплайн;в отдельном процессе только обнаружение;3;Мультипроцессный;Обнаружение, кадры/с;8,23;115,93;8,23;6,15;115,99;5,20;2280,47;2,11;31,42;0,40;0;да;да;да
CPU;полный пайплайн;в отдельном процессе только обнаружение;3;Однопроцессный;Обнаружение, кадры/с;0,05;115,46;0,05;0,05;115,42;3,60;216,47;1,37;31,17;0,40;0;да;да;да
CPU;полный пайплайн;в отдельном процессе только обнаружение;4;Мультипроцессный;Обнаружение, кадры/с;6,48;115,62;6,48;4,60;115,59;6,10;2331,17;2,12;31,26;0,40;0;да;да;да
CPU;полный пайплайн;в отдельном процессе только обнаружение;4;Однопроцессный;Обнаружение, кадры/с;0,04;115,24;0,04;0,04;115,22;3,80;277,64;1,40;31,07;0,40;0;да;да;да
CPU;захват + обнаружение + отслеживание;в отдельном процессе только обнаружение;1;Мультипроцессный;Отслеживание, кадры/с;7,74;116,79;13,56;7,74;116,95;3,30;2175,19;2,03;35,10;0,40;0;да;да;да
CPU;захват + обнаружение + отслеживание;в отдельном процессе только обнаружение;1;Однопроцессный;Отслеживание, кадры/с;0,16;115,97;0,16;0,16;116,10;2,00;215,10;1,33;31,87;0,40;0;да;да;да
CPU;захват + обнаружение + отслеживание;в отдельном процессе только обнаружение;2;Мультипроцессный;Отслеживание, кадры/с;4,67;116,27;7,09;4,67;116,25;4,00;2305,88;2,07;31,48;0,40;0;да;да;да
CPU;захват + обнаружение + отслеживание;в отдельном процессе только обнаружение;2;Однопроцессный;Отслеживание, кадры/с;0,08;115,64;0,08;0,08;115,60;2,60;215,34;1,35;33,99;0,40;0;да;да;да
CPU;захват + обнаружение + отслеживание;в отдельном процессе только обнаружение;3;Мультипроцессный;Отслеживание, кадры/с;6,09;115,86;8,31;6,09;116,02;5,00;2279,46;2,11;34,09;0,40;0;да;да;да
CPU;захват + обнаружение + отслеживание;в отдельном процессе только обнаружение;3;Однопроцессный;Отслеживание, кадры/с;0,05;115,55;0,05;0,05;115,52;3,00;239,41;1,38;30,58;0,40;0;да;да;да
CPU;захват + обнаружение + отслеживание;в отдельном процессе только обнаружение;4;Мультипроцессный;Отслеживание, кадры/с;4,62;115,47;6,42;4,62;115,49;5,50;2309,81;2,13;32,89;0,40;0;да;да;да
CPU;захват + обнаружение + отслеживание;в отдельном процессе только обнаружение;4;Однопроцессный;Отслеживание, кадры/с;0,04;115,10;0,04;0,04;115,17;3,50;257,66;1,40;31,57;0,40;0;да;да;да
GPU;захват + обнаружение;в отдельном процессе только обнаружение;1;Мультипроцессный;Обнаружение, кадры/с;1117,00;116,03;1117,00;-;115,99;1,50;46,47;2,25;24,97;0,72;0;нет;да;нет
GPU;захват + обнаружение;в отдельном процессе только обнаружение;1;Однопроцессный;Обнаружение, кадры/с;1155,13;115,78;1155,13;-;115,74;1,40;38,84;1,83;22,97;0,63;0;нет;да;нет
GPU;захват + обнаружение;в отдельном процессе только обнаружение;2;Мультипроцессный;Обнаружение, кадры/с;997,56;116,08;997,56;-;116,04;1,80;60,16;2,28;25,26;0,65;0;нет;да;нет
GPU;захват + обнаружение;в отдельном процессе только обнаружение;2;Однопроцессный;Обнаружение, кадры/с;1092,03;115,78;1092,03;-;115,74;1,60;49,30;1,84;23,51;0,63;0;нет;да;нет
GPU;захват + обнаружение;в отдельном процессе только обнаружение;3;Мультипроцессный;Обнаружение, кадры/с;957,56;116,06;957,56;-;116,03;2,10;64,25;2,30;25,21;0,65;0;нет;да;нет
GPU;захват + обнаружение;в отдельном процессе только обнаружение;3;Однопроцессный;Обнаружение, кадры/с;940,68;115,76;940,68;-;115,73;2,00;50,99;1,87;23,09;0,63;0;нет;да;нет
GPU;захват + обнаружение;в отдельном процессе только обнаружение;4;Мультипроцессный;Обнаружение, кадры/с;956,32;116,05;956,32;-;116,03;2,10;65,97;2,32;25,39;0,76;0;нет;да;нет
GPU;захват + обнаружение;в отдельном процессе только обнаружение;4;Однопроцессный;Обнаружение, кадры/с;889,03;115,77;889,03;-;115,75;2,30;51,65;1,88;22,33;0,63;0;нет;да;нет
GPU;полный пайплайн;в отдельном процессе только обнаружение;1;Мультипроцессный;Обнаружение, кадры/с;51,56;115,12;51,56;31,40;115,26;7,30;231,26;3,00;56,10;0,82;0;да;да;да
GPU;полный пайплайн;в отдельном процессе только обнаружение;1;Однопроцессный;Обнаружение, кадры/с;27,44;115,15;27,44;22,83;115,28;5,90;189,50;2,38;33,01;0,69;0;да;да;да
GPU;полный пайплайн;в отдельном процессе только обнаружение;2;Мультипроцессный;Обнаружение, кадры/с;29,99;111,63;29,99;21,98;111,59;11,40;311,77;3,04;59,52;0,87;0;да;да;да
GPU;полный пайплайн;в отдельном процессе только обнаружение;2;Однопроцессный;Обнаружение, кадры/с;14,54;114,94;14,54;11,83;114,99;6,10;202,22;2,39;32,93;0,69;0;да;да;да
GPU;полный пайплайн;в отдельном процессе только обнаружение;3;Мультипроцессный;Обнаружение, кадры/с;30,56;114,50;30,56;23,50;114,64;7,50;311,34;3,06;59,76;0,87;0;да;да;да
GPU;полный пайплайн;в отдельном процессе только обнаружение;3;Однопроцессный;Обнаружение, кадры/с;8,59;114,64;8,59;6,90;114,67;6,20;208,37;2,43;32,11;0,74;0;да;да;да
GPU;полный пайплайн;в отдельном процессе только обнаружение;4;Мультипроцессный;Обнаружение, кадры/с;22,87;114,11;22,87;17,00;114,22;8,00;319,91;3,09;61,62;0,87;0;да;да;да
GPU;полный пайплайн;в отдельном процессе только обнаружение;4;Однопроцессный;Обнаружение, кадры/с;5,40;114,33;5,40;4,77;114,44;6,90;230,60;2,44;30,80;0,69;0;да;да;да
GPU;захват + обнаружение + отслеживание;в отдельном процессе только обнаружение;1;Мультипроцессный;Отслеживание, кадры/с;32,17;115,24;51,51;32,17;115,20;4,70;237,70;3,00;57,21;0,82;0;да;да;да
GPU;захват + обнаружение + отслеживание;в отдельном процессе только обнаружение;1;Однопроцессный;Отслеживание, кадры/с;25,29;115,06;32,09;25,29;115,02;4,50;198,91;2,37;33,93;0,69;0;да;да;да
GPU;захват + обнаружение + отслеживание;в отдельном процессе только обнаружение;2;Мультипроцессный;Отслеживание, кадры/с;21,58;114,56;29,11;21,58;114,55;6,10;289,12;3,04;60,88;0,87;0;да;да;да
GPU;захват + обнаружение + отслеживание;в отдельном процессе только обнаружение;2;Однопроцессный;Отслеживание, кадры/с;11,67;114,97;14,16;11,67;115,10;5,20;212,80;2,40;33,16;0,74;0;да;да;да
GPU;захват + обнаружение + отслеживание;в отдельном процессе только обнаружение;3;Мультипроцессный;Отслеживание, кадры/с;22,54;114,03;29,79;22,54;113,96;6,80;324,28;3,07;61,01;0,89;0;да;да;да
GPU;захват + обнаружение + отслеживание;в отдельном процессе только обнаружение;3;Однопроцессный;Отслеживание, кадры/с;6,71;114,39;8,28;6,71;114,33;4,90;221,35;2,41;30,86;0,69;0;да;да;да
GPU;захват + обнаружение + отслеживание;в отдельном процессе только обнаружение;4;Мультипроцессный;Отслеживание, кадры/с;16,71;113,57;22,92;16,71;113,62;6,50;320,95;3,11;59,63;0,98;0;да;да;да
GPU;захват + обнаружение + отслеживание;в отдельном процессе только обнаружение;4;Однопроцессный;Отслеживание, кадры/с;4,68;114,14;5,26;4,68;114,16;5,90;225,32;2,45;30,30;0,74;0;да;да;да
